cell,context_length,kv_quant,measured_kv,world_size,position,is_control,token_appended,max_abs_delta,mean_abs_delta,max_abs_delta_top50,argmax_a,argmax_b,argmax_match,gap_a,gap_b,top2_sets_equal
8k_bf16,8192,False,bfloat16,1,0,True,1268,0.0,0.0,0.0,757,757,True,1.3125,1.3125,True
8k_bf16,8192,False,bfloat16,1,1,False,311,0.375,0.04975943639874458,0.1875,311,311,True,6.0625,6.125,True
8k_bf16,8192,False,bfloat16,1,2,False,1304,0.5,0.05204330384731293,0.5,1304,1304,True,7.625,7.75,True
8k_bf16,8192,False,bfloat16,1,3,False,832,0.421875,0.05821200832724571,0.375,832,832,True,2.25,2.125,True
8k_bf16,8192,False,bfloat16,1,4,False,4483,0.40625,0.057128846645355225,0.3125,1403,1403,True,0.25,0.375,True
8k_bf16,8192,False,bfloat16,1,5,False,467,0.3564453125,0.05373791977763176,0.1875,467,467,True,4.125,4.25,True
8k_bf16,8192,False,bfloat16,1,6,False,345,0.328125,0.04264570400118828,0.25,345,345,True,0.625,0.625,True
8k_bf16,8192,False,bfloat16,1,7,False,262,0.21875,0.03098084032535553,0.125,262,262,True,6.625,6.75,True
8k_bf16,8192,False,bfloat16,1,8,False,3296,0.375,0.04956446960568428,0.25,1789,1789,True,1.375,1.625,True
8k_bf16,8192,False,bfloat16,1,9,False,81678,0.359375,0.05461336672306061,0.3125,81678,81678,True,1.0,0.8125,True
8k_bf16,8192,False,bfloat16,1,10,False,1461,0.34375,0.050166334956884384,0.125,1461,757,False,0.125,0.0,True
8k_bf16,8192,False,bfloat16,1,11,False,1618,0.4375,0.050214916467666626,0.1875,11,11,True,0.875,1.0,True
8k_bf16,8192,False,bfloat16,1,12,False,889,0.4140625,0.051267415285110474,0.25,889,889,True,0.5,0.75,True
8k_bf16,8192,False,bfloat16,1,13,False,656,0.4375,0.06295076012611389,0.375,4250,4250,True,0.5,0.25,True
8k_bf16,8192,False,bfloat16,1,14,False,339,0.3125,0.04491181671619415,0.3125,339,339,True,5.375,5.375,True
8k_bf16,8192,False,bfloat16,1,15,False,16472,0.46875,0.06209726259112358,0.3125,3485,3485,True,0.3125,0.25,True
8k_bf16,8192,False,bfloat16,1,16,False,7293,0.4375,0.06329333782196045,0.4375,7293,7293,True,3.75,3.5625,True
8k_bf16,8192,False,bfloat16,1,17,False,4286,0.3779296875,0.05374312400817871,0.3125,4286,4286,True,4.375,4.375,True
8k_bf16,8192,False,bfloat16,1,18,False,3909,0.234375,0.043067220598459244,0.125,3909,3909,True,5.5,5.625,True
8k_bf16,8192,False,bfloat16,1,19,False,220,0.1875,0.033440861850976944,0.125,220,220,True,9.4375,9.3125,True
8k_bf16,8192,False,bfloat16,1,20,False,1272,0.1875,0.020392747595906258,0.125,1272,1272,True,7.5,7.625,True
8k_bf16,8192,False,bfloat16,1,21,False,198,0.1640625,0.02451889030635357,0.125,198,198,True,7.125,7.25,True
8k_bf16,8192,False,bfloat16,1,22,False,220,0.171875,0.031647492200136185,0.0625,220,220,True,7.875,7.875,True
8k_bf16,8192,False,bfloat16,1,23,False,12040,0.3125,0.049441900104284286,0.25,12040,12040,True,4.25,4.0,False
8k_bf16,8192,False,bfloat16,1,24,False,682,0.390625,0.05484229698777199,0.25,682,682,True,6.1875,6.25,True
8k_bf16,8192,False,bfloat16,1,25,False,856,0.5,0.06011100113391876,0.4375,3201,3201,True,3.0,3.375,True
8k_bf16,8192,False,bfloat16,1,26,False,16180,0.46875,0.06251067668199539,0.4375,16180,16180,True,2.875,3.0,True
8k_bf16,8192,False,bfloat16,1,27,False,11,0.5,0.06026095151901245,0.375,11,11,True,3.0,3.0,True
8k_bf16,8192,False,bfloat16,1,28,False,856,0.4375,0.06268522888422012,0.4375,856,856,True,1.125,1.375,True
8k_bf16,8192,False,bfloat16,1,29,False,3021,0.6875,0.06103765219449997,0.6875,3021,3021,True,0.625,1.25,True
8k_bf16,8192,False,bfloat16,1,30,False,11,0.40625,0.06745417416095734,0.375,596,596,True,2.125,2.125,True
8k_bf16,8192,False,bfloat16,1,31,False,379,0.5625,0.07609070837497711,0.5,323,323,True,1.875,2.625,True
8k_bf16,8192,False,bfloat16,1,32,False,12791,0.3125,0.051640719175338745,0.25,12791,12791,True,4.5,4.5,True
8k_bf16,8192,False,bfloat16,1,33,False,1935,0.375,0.05327679216861725,0.3125,1935,1935,True,0.625,0.75,True
8k_bf16,8192,False,bfloat16,1,34,False,1124,0.34375,0.0547417514026165,0.25,1124,1124,True,5.375,5.25,True
8k_bf16,8192,False,bfloat16,1,35,False,682,0.4375,0.04943317919969559,0.375,682,682,True,7.25,7.25,True
8k_bf16,8192,False,bfloat16,1,36,False,345,0.375,0.043031055480241776,0.3125,280,280,True,0.125,0.0,True
8k_bf16,8192,False,bfloat16,1,37,False,220,0.28125,0.03537999093532562,0.125,220,220,True,8.75,8.875,True
8k_bf16,8192,False,bfloat16,1,38,False,3639,0.609375,0.05755295604467392,0.5,3639,3639,True,1.0,0.875,True
8k_bf16,8192,False,bfloat16,1,39,False,34143,0.40625,0.05498407781124115,0.3125,1288,1288,True,0.5625,0.875,True
8k_bf16,8192,False,bfloat16,1,40,False,34223,0.375,0.056457407772541046,0.375,34223,34223,True,8.875,8.625,True
8k_bf16,8192,False,bfloat16,1,41,False,1243,0.3125,0.046903446316719055,0.25,1243,1243,True,6.625,6.625,True
8k_bf16,8192,False,bfloat16,1,42,False,810,0.40625,0.051008060574531555,0.375,810,810,True,1.375,1.75,True
8k_bf16,8192,False,bfloat16,1,43,False,1109,0.625,0.06583407521247864,0.625,1109,1109,True,3.0,3.875,True
8k_bf16,8192,False,bfloat16,1,44,False,34223,0.546875,0.06217524781823158,0.4375,264,264,True,0.625,0.625,True
8k_bf16,8192,False,bfloat16,1,45,False,1047,0.4375,0.05661692097783089,0.375,387,387,True,1.125,1.25,True
8k_bf16,8192,False,bfloat16,1,46,False,267,0.328125,0.049755584448575974,0.25,267,267,True,1.875,1.75,True
8k_bf16,8192,False,bfloat16,1,47,False,1603,0.375,0.05542749539017677,0.375,1603,1603,True,4.375,4.25,True
8k_bf16,8192,False,bfloat16,1,48,False,5380,0.375,0.041431453078985214,0.3125,5380,5380,True,3.375,3.375,True
8k_bf16,8192,False,bfloat16,1,49,False,220,0.34375,0.038470394909381866,0.1875,220,220,True,7.75,7.75,True
8k_bf16,8192,False,bfloat16,1,50,False,2360,0.375,0.043421078473329544,0.375,2360,2360,True,1.25,1.75,True
8k_bf16,8192,False,bfloat16,1,51,False,3021,0.4375,0.05520234629511833,0.4375,3021,3021,True,4.5,4.75,True
8k_bf16,8192,False,bfloat16,1,52,False,11,0.34375,0.051372092217206955,0.3125,11,11,True,1.625,1.5,True
8k_bf16,8192,False,bfloat16,1,53,False,856,0.46875,0.04565811902284622,0.375,856,856,True,1.875,1.75,True
8k_bf16,8192,False,bfloat16,1,54,False,3021,0.40625,0.05583766847848892,0.375,3021,3021,True,4.875,5.4375,True
8k_bf16,8192,False,bfloat16,1,55,False,11,0.5,0.05735005810856819,0.25,11,11,True,4.875,4.75,False
8k_bf16,8192,False,bfloat16,1,56,False,430,0.5625,0.06064660847187042,0.375,912,912,True,3.75,3.625,False
8k_bf16,8192,False,bfloat16,1,57,False,34223,0.5,0.062398288398981094,0.375,34223,34223,True,4.25,4.125,True
8k_bf16,8192,False,bfloat16,1,58,False,1253,0.5625,0.06374265998601913,0.375,7636,7636,True,0.25,0.375,True
8k_bf16,8192,False,bfloat16,1,59,False,267,0.265625,0.0399530790746212,0.1875,267,267,True,2.5,2.5,True
8k_bf16,8192,False,bfloat16,1,60,False,837,0.5126953125,0.06537307053804398,0.5,8063,8063,True,0.6875,0.1875,True
8k_bf16,8192,False,bfloat16,1,61,False,3021,0.484375,0.04745565354824066,0.4375,3021,3021,True,0.1875,0.25,True
8k_bf16,8192,False,bfloat16,1,62,False,1650,0.51171875,0.07715999335050583,0.4375,1650,1650,True,4.25,4.25,True
8k_bf16,8192,False,bfloat16,1,63,False,345,0.375,0.0515713170170784,0.125,345,345,True,1.0,1.0,True
8k_nf4,8192,True,nf4,1,0,True,1268,0.0,0.0,0.0,757,757,True,0.625,0.625,True
8k_nf4,8192,True,nf4,1,1,False,311,0.6875,0.08785083889961243,0.375,311,311,True,4.75,4.9375,True
8k_nf4,8192,True,nf4,1,2,False,1304,1.21875,0.18244846165180206,0.875,1304,1304,True,6.875,7.25,True
8k_nf4,8192,True,nf4,1,3,False,832,1.78125,0.2508539855480194,1.125,832,832,True,1.375,1.375,True
8k_nf4,8192,True,nf4,1,4,False,4483,2.1875,0.32793715596199036,1.875,1403,1403,True,1.75,1.5,True
8k_nf4,8192,True,nf4,1,5,False,467,2.28125,0.3471311032772064,1.9375,467,467,True,4.75,5.0,True
8k_nf4,8192,True,nf4,1,6,False,345,1.8125,0.2968415915966034,1.3125,198,198,True,0.375,0.125,True
8k_nf4,8192,True,nf4,1,7,False,262,1.4375,0.2370389997959137,0.5625,262,262,True,6.125,6.0,True
8k_nf4,8192,True,nf4,1,8,False,3296,2.6796875,0.3579034209251404,1.8125,1628,3296,False,0.0,0.875,False
8k_nf4,8192,True,nf4,1,9,False,81678,2.34375,0.37455275654792786,1.875,76795,76795,True,0.6875,0.125,False
8k_nf4,8192,True,nf4,1,10,False,1461,3.25,0.418596088886261,2.125,757,1461,False,0.0,0.5,True
8k_nf4,8192,True,nf4,1,11,False,1618,3.25,0.4059655964374542,1.75,11,11,True,0.5,0.625,True
8k_nf4,8192,True,nf4,1,12,False,889,3.53125,0.4542529881000519,2.1875,889,889,True,0.25,0.125,True
8k_nf4,8192,True,nf4,1,13,False,656,2.1875,0.3618723154067993,1.3125,2085,2085,True,2.25,1.625,True
8k_nf4,8192,True,nf4,1,14,False,339,1.765625,0.26279884576797485,1.0,339,339,True,4.875,4.875,True
8k_nf4,8192,True,nf4,1,15,False,16472,3.03125,0.44774624705314636,3.03125,64523,7953,False,0.1875,1.1875,False
8k_nf4,8192,True,nf4,1,16,False,7293,3.0546875,0.4552440047264099,2.0625,7293,1672,False,0.75,1.0625,True
8k_nf4,8192,True,nf4,1,17,False,4286,2.328125,0.319366991519928,1.5,4286,4286,True,3.5,3.625,True
8k_nf4,8192,True,nf4,1,18,False,3909,0.56494140625,0.09403024613857269,0.25,3909,3909,True,5.25,5.125,True
8k_nf4,8192,True,nf4,1,19,False,220,0.515625,0.0892673134803772,0.25,220,220,True,9.125,9.3125,True
8k_nf4,8192,True,nf4,1,20,False,1272,0.75,0.09978221356868744,0.375,1272,1272,True,7.25,7.125,True
8k_nf4,8192,True,nf4,1,21,False,198,1.046875,0.15206719934940338,0.4375,198,198,True,7.125,6.75,True
8k_nf4,8192,True,nf4,1,22,False,220,1.0625,0.15374091267585754,1.0,220,220,True,7.625,7.625,True
8k_nf4,8192,True,nf4,1,23,False,12040,1.3505859375,0.21668638288974762,0.875,12040,12040,True,3.625,2.875,False
8k_nf4,8192,True,nf4,1,24,False,682,1.11328125,0.1670081466436386,0.6875,682,682,True,1.875,2.0625,True
8k_nf4,8192,True,nf4,1,25,False,856,1.6328125,0.24190814793109894,1.1875,3201,3201,True,3.875,4.375,True
8k_nf4,8192,True,nf4,1,26,False,16180,2.1484375,0.297199547290802,1.875,16180,16180,True,2.0625,2.5625,True
8k_nf4,8192,True,nf4,1,27,False,11,1.890625,0.28481951355934143,1.3125,11,11,True,2.25,1.75,True
8k_nf4,8192,True,nf4,1,28,False,856,2.5625,0.3395669460296631,2.5625,856,856,True,2.75,3.0,True
8k_nf4,8192,True,nf4,1,29,False,3021,2.4375,0.2928307056427002,1.8125,3021,22519,False,0.375,0.125,True
8k_nf4,8192,True,nf4,1,30,False,11,3.71875,0.436209112405777,3.25,374,374,True,2.5,0.5,False
8k_nf4,8192,True,nf4,1,31,False,379,3.800537109375,0.5447956323623657,2.9375,323,323,True,0.25,1.375,True
8k_nf4,8192,True,nf4,1,32,False,12791,2.59375,0.430777907371521,2.25,12791,12791,True,3.125,4.375,True
8k_nf4,8192,True,nf4,1,33,False,1935,2.0234375,0.3126126527786255,1.375,11,11,True,0.375,0.75,False
8k_nf4,8192,True,nf4,1,34,False,1124,2.21875,0.3503275513648987,1.6875,1124,1124,True,4.5,4.375,True
8k_nf4,8192,True,nf4,1,35,False,682,2.25,0.3513649106025696,1.3125,682,682,True,8.75,8.125,True
8k_nf4,8192,True,nf4,1,36,False,345,2.0,0.32896989583969116,0.875,345,345,True,0.5,0.75,False
8k_nf4,8192,True,nf4,1,37,False,220,2.15234375,0.23514017462730408,1.625,220,220,True,9.0,8.75,True
8k_nf4,8192,True,nf4,1,38,False,3639,2.875,0.3409973680973053,2.875,358,2209,False,0.25,1.0,False
8k_nf4,8192,True,nf4,1,39,False,34143,1.96875,0.2541695535182953,1.9375,34143,1288,False,0.6875,0.25,False
8k_nf4,8192,True,nf4,1,40,False,34223,1.78125,0.26244696974754333,1.125,34223,34223,True,9.0,8.8125,False
8k_nf4,8192,True,nf4,1,41,False,1243,2.140625,0.3591100573539734,1.6875,1243,1243,True,6.875,7.125,False
8k_nf4,8192,True,nf4,1,42,False,810,2.625,0.37361517548561096,2.0,810,810,True,1.25,1.5,True
8k_nf4,8192,True,nf4,1,43,False,1109,2.640625,0.3969614505767822,1.5625,1109,1109,True,2.125,3.375,True
8k_nf4,8192,True,nf4,1,44,False,34223,3.4609375,0.37227264046669006,2.875,264,264,True,2.125,2.25,False
8k_nf4,8192,True,nf4,1,45,False,1047,4.96875,0.5072991251945496,4.875,1518,3952,False,2.125,0.125,False
8k_nf4,8192,True,nf4,1,46,False,267,3.6630859375,0.6020869016647339,3.375,267,267,True,2.125,1.625,True
8k_nf4,8192,True,nf4,1,47,False,1603,7.75,0.7486626505851746,7.75,1603,1603,True,0.25,5.375,False
8k_nf4,8192,True,nf4,1,48,False,5380,2.9375,0.4247455894947052,2.0625,5380,5380,True,3.125,2.5,True
8k_nf4,8192,True,nf4,1,49,False,220,2.453125,0.28063103556632996,1.0,220,220,True,7.75,8.125,True
8k_nf4,8192,True,nf4,1,50,False,2360,3.0,0.3597274422645569,3.0,2360,2360,True,4.375,2.0,True
8k_nf4,8192,True,nf4,1,51,False,3021,2.205078125,0.3149714469909668,2.125,3021,3021,True,4.75,4.375,False
8k_nf4,8192,True,nf4,1,52,False,11,2.1875,0.29616406559944153,1.125,11,374,False,0.875,0.125,True
8k_nf4,8192,True,nf4,1,53,False,856,2.1171875,0.3112333118915558,1.6875,856,856,True,1.75,3.25,True
8k_nf4,8192,True,nf4,1,54,False,3021,2.21875,0.32870280742645264,2.125,3021,3021,True,2.25,3.5,False
8k_nf4,8192,True,nf4,1,55,False,11,2.890625,0.36483684182167053,2.8125,11,11,True,2.375,2.125,True
8k_nf4,8192,True,nf4,1,56,False,430,3.3125,0.4123578369617462,2.875,323,323,True,1.75,0.25,False
8k_nf4,8192,True,nf4,1,57,False,34223,2.625,0.38566088676452637,1.8125,34223,34223,True,4.5625,3.375,False
8k_nf4,8192,True,nf4,1,58,False,1253,3.125,0.3841870129108429,3.125,1253,1253,True,0.5,1.5,True
8k_nf4,8192,True,nf4,1,59,False,267,1.8828125,0.2584760785102844,1.0,267,267,True,2.875,2.875,True
8k_nf4,8192,True,nf4,1,60,False,837,3.59375,0.41854989528656006,2.75,8063,1650,False,0.5,0.25,True
8k_nf4,8192,True,nf4,1,61,False,3021,2.3515625,0.31387457251548767,1.375,3021,3021,True,0.5625,1.6875,False
8k_nf4,8192,True,nf4,1,62,False,1650,3.03125,0.39326176047325134,1.75,1650,1650,True,4.9375,4.5,False
8k_nf4,8192,True,nf4,1,63,False,345,2.40625,0.36496829986572266,0.9375,345,345,True,0.875,0.125,True
32k_bf16,32768,False,bfloat16,1,0,True,64,0.0,0.0,0.0,64,64,True,4.75,4.75,True
32k_bf16,32768,False,bfloat16,1,1,False,0,0.2890625,0.047924697399139404,0.25,13,13,True,0.125,0.125,True
32k_bf16,32768,False,bfloat16,1,2,False,1556,0.375,0.055977851152420044,0.25,1556,1556,True,1.125,1.25,True
32k_bf16,32768,False,bfloat16,1,3,False,584,0.427734375,0.0609661340713501,0.1875,263,263,True,1.875,1.8125,True
32k_bf16,32768,False,bfloat16,1,4,False,2643,0.5546875,0.074510857462883,0.5,2643,2643,True,1.4375,0.9375,True
32k_bf16,32768,False,bfloat16,1,5,False,617,0.53125,0.07163449376821518,0.5,617,617,True,6.375,6.375,True
32k_bf16,32768,False,bfloat16,1,6,False,264,0.5625,0.0774763748049736,0.5625,264,264,True,7.0625,7.0625,True
32k_bf16,32768,False,bfloat16,1,7,False,1695,0.5,0.06850837171077728,0.375,1695,1695,True,4.875,4.75,True
32k_bf16,32768,False,bfloat16,1,8,False,5333,0.53125,0.06977498531341553,0.4375,10177,10177,True,0.375,0.625,True
32k_bf16,32768,False,bfloat16,1,9,False,9405,0.5,0.06888765841722488,0.375,11,11,True,1.125,1.25,True
32k_bf16,32768,False,bfloat16,1,10,False,1603,0.40625,0.06078285723924637,0.375,1475,1475,True,2.875,2.875,True
32k_bf16,32768,False,bfloat16,1,11,False,1475,0.46875,0.07485393434762955,0.3125,603,603,True,3.75,3.6875,True
32k_bf16,32768,False,bfloat16,1,12,False,86350,0.625,0.0735124722123146,0.5,5899,5899,True,0.75,1.25,True
32k_bf16,32768,False,bfloat16,1,13,False,198,0.3125,0.04913582280278206,0.1875,198,198,True,3.0,2.875,True
32k_bf16,32768,False,bfloat16,1,14,False,262,0.25,0.050509970635175705,0.1875,262,262,True,5.25,5.375,True
32k_bf16,32768,False,bfloat16,1,15,False,6917,0.375,0.050463564693927765,0.375,6917,6917,True,5.875,5.75,True
32k_bf16,32768,False,bfloat16,1,16,False,11,0.5625,0.06372398138046265,0.5,11,11,True,4.5,4.75,True
32k_bf16,32768,False,bfloat16,1,17,False,477,0.9375,0.07704472541809082,0.9375,1070,1070,True,0.75,0.75,False
32k_bf16,32768,False,bfloat16,1,18,False,520,0.46875,0.0679946094751358,0.1875,1063,1063,True,2.0,2.0,True
32k_bf16,32768,False,bfloat16,1,19,False,459,0.53125,0.07837209850549698,0.4375,3325,3325,True,4.5,4.0625,True
32k_bf16,32768,False,bfloat16,1,20,False,38413,0.5,0.06942475587129593,0.5,38413,38413,True,1.875,1.875,True
32k_bf16,32768,False,bfloat16,1,21,False,11,0.48828125,0.08798962086439133,0.25,11,11,True,2.625,3.125,True
32k_bf16,32768,False,bfloat16,1,22,False,364,0.515625,0.07567207515239716,0.375,477,477,True,1.25,1.0,True
32k_bf16,32768,False,bfloat16,1,23,False,15930,0.375,0.04922857508063316,0.3125,15930,15930,True,3.25,3.375,True
32k_bf16,32768,False,bfloat16,1,24,False,619,0.375,0.04541190341114998,0.25,619,619,True,2.375,2.25,True
32k_bf16,32768,False,bfloat16,1,25,False,45876,0.46875,0.0691704973578453,0.3125,1304,1304,True,0.5,0.5,True
32k_bf16,32768,False,bfloat16,1,26,False,279,0.625,0.08092179149389267,0.4375,279,279,True,3.625,3.25,True
32k_bf16,32768,False,bfloat16,1,27,False,39339,0.53125,0.07642102241516113,0.5,5030,5030,True,1.0,1.25,True
32k_bf16,32768,False,bfloat16,1,28,False,1664,0.625,0.08669952303171158,0.375,1664,1664,True,0.75,0.25,True
32k_bf16,32768,False,bfloat16,1,29,False,25,0.4375,0.06147468462586403,0.4375,13,13,True,0.25,0.25,True
32k_bf16,32768,False,bfloat16,1,30,False,264,0.40234375,0.0622544102370739,0.3125,832,832,True,1.25,1.4375,True
32k_bf16,32768,False,bfloat16,1,31,False,893,0.43359375,0.06531929969787598,0.25,198,198,True,1.4375,1.25,False
32k_bf16,32768,False,bfloat16,1,32,False,198,0.4375,0.07175619155168533,0.375,198,198,True,5.125,5.0,True
32k_bf16,32768,False,bfloat16,1,33,False,262,0.32421875,0.07407554984092712,0.1875,262,262,True,6.5,6.5,True
32k_bf16,32768,False,bfloat16,1,34,False,1253,0.53125,0.062429409474134445,0.25,1253,1253,True,2.875,2.625,True
32k_bf16,32768,False,bfloat16,1,35,False,4128,0.4921875,0.07608353346586227,0.375,4128,4128,True,1.375,1.625,True
32k_bf16,32768,False,bfloat16,1,36,False,813,0.5,0.07095076143741608,0.5,420,420,True,0.125,0.125,True
32k_bf16,32768,False,bfloat16,1,37,False,4851,0.5625,0.07628412544727325,0.5625,4851,4851,True,2.125,1.8125,True
32k_bf16,32768,False,bfloat16,1,38,False,704,0.515625,0.07311136275529861,0.5,704,704,True,4.25,4.1875,False
32k_bf16,32768,False,bfloat16,1,39,False,39357,0.5,0.08311109989881516,0.5,13,13,True,0.375,0.25,True
32k_bf16,32768,False,bfloat16,1,40,False,364,0.494140625,0.0763261467218399,0.375,364,364,True,2.625,2.625,True
32k_bf16,32768,False,bfloat16,1,41,False,64,0.3359375,0.049888625741004944,0.1875,64,64,True,0.125,0.125,True
32k_bf16,32768,False,bfloat16,1,42,False,628,0.640625,0.06883259862661362,0.5,387,387,True,1.0,1.0,True
32k_bf16,32768,False,bfloat16,1,43,False,1983,0.375,0.051939889788627625,0.375,1983,1983,True,1.5,1.5,True
32k_bf16,32768,False,bfloat16,1,44,False,832,0.4375,0.07823526859283447,0.3125,813,813,True,3.875,3.875,True
32k_bf16,32768,False,bfloat16,1,45,False,627,0.375,0.060665689408779144,0.3125,627,627,True,2.25,2.125,True
32k_bf16,32768,False,bfloat16,1,46,False,220,0.1875,0.024105317890644073,0.0625,220,220,True,6.625,6.625,True
32k_bf16,32768,False,bfloat16,1,47,False,356,0.15625,0.020452003926038742,0.125,356,356,True,1.0,1.0,True
32k_bf16,32768,False,bfloat16,1,48,False,5152,0.2265625,0.032870471477508545,0.125,5152,5152,True,7.0,6.875,True
32k_bf16,32768,False,bfloat16,1,49,False,2505,0.171875,0.02766287326812744,0.125,2505,2505,True,11.3125,11.375,True
32k_bf16,32768,False,bfloat16,1,50,False,1242,0.25,0.030956096947193146,0.125,1242,1242,True,11.25,11.375,True
32k_bf16,32768,False,bfloat16,1,51,False,13,0.1953125,0.028497187420725822,0.125,13,13,True,7.9375,8.0625,True
32k_bf16,32768,False,bfloat16,1,52,False,1472,0.4375,0.06252232939004898,0.25,2175,2175,True,0.0,0.25,True
32k_bf16,32768,False,bfloat16,1,53,False,3358,0.46875,0.07047191262245178,0.25,527,527,True,2.0,2.0,False
32k_bf16,32768,False,bfloat16,1,54,False,387,0.5,0.06824150681495667,0.375,387,387,True,1.125,1.375,True
32k_bf16,32768,False,bfloat16,1,55,False,8208,0.46875,0.0711020901799202,0.375,832,832,True,4.125,4.375,True
32k_bf16,32768,False,bfloat16,1,56,False,11,0.5625,0.07629632204771042,0.4375,11,11,True,0.75,0.5,True
32k_bf16,32768,False,bfloat16,1,57,False,28146,0.46875,0.06834204494953156,0.25,28146,28146,True,4.875,4.875,True
32k_bf16,32768,False,bfloat16,1,58,False,1168,0.625,0.08805961161851883,0.5625,11,11,True,2.8125,2.5625,True
32k_bf16,32768,False,bfloat16,1,59,False,525,0.3515625,0.048222821205854416,0.25,525,525,True,4.875,4.875,True
32k_bf16,32768,False,bfloat16,1,60,False,11,0.59375,0.08639369159936905,0.3125,11,11,True,1.875,1.75,True
32k_bf16,32768,False,bfloat16,1,61,False,323,0.5,0.07982177287340164,0.3125,323,323,True,5.5625,5.5,True
32k_bf16,32768,False,bfloat16,1,62,False,656,0.5625,0.0801764726638794,0.375,3686,3686,True,2.625,3.0,False
32k_bf16,32768,False,bfloat16,1,63,False,439,0.46875,0.06658432632684708,0.1875,439,439,True,5.5,5.625,True
32k_nf4,32768,True,nf4,1,0,True,64,0.0,0.0,0.0,64,64,True,3.5,3.5,True
32k_nf4,32768,True,nf4,1,1,False,0,0.84375,0.1325491964817047,0.6875,13,13,True,0.75,1.0,True
32k_nf4,32768,True,nf4,1,2,False,1556,1.28125,0.1817706674337387,1.0,1556,1556,True,0.9375,0.375,True
32k_nf4,32768,True,nf4,1,3,False,584,1.09375,0.14811265468597412,0.9375,263,263,True,1.375,0.875,True
32k_nf4,32768,True,nf4,1,4,False,2643,2.3125,0.28039485216140747,2.3125,2643,2643,True,2.1875,3.4375,False
32k_nf4,32768,True,nf4,1,5,False,617,2.8675537109375,0.4136597216129303,2.6875,617,617,True,3.375,0.125,True
32k_nf4,32768,True,nf4,1,6,False,264,3.359375,0.5161235332489014,2.875,264,264,True,6.8125,6.625,True
32k_nf4,32768,True,nf4,1,7,False,1695,3.1875,0.4091455936431885,2.3125,1695,1695,True,4.25,4.5,True
32k_nf4,32768,True,nf4,1,8,False,5333,2.7109375,0.35258015990257263,2.0625,5333,5333,True,1.0,0.1875,True
32k_nf4,32768,True,nf4,1,9,False,9405,3.6875,0.42018452286720276,3.6875,11,11,True,2.0625,1.125,False
32k_nf4,32768,True,nf4,1,10,False,1603,2.78125,0.3693945109844208,1.1875,1475,1475,True,1.5,2.125,True
32k_nf4,32768,True,nf4,1,11,False,1475,3.04296875,0.4635048806667328,2.375,603,603,True,1.9375,3.875,False
32k_nf4,32768,True,nf4,1,12,False,86350,2.7734375,0.4312320351600647,2.0625,5899,5899,True,2.375,2.125,True
32k_nf4,32768,True,nf4,1,13,False,198,2.625,0.36086541414260864,1.875,198,198,True,1.25,1.75,True
32k_nf4,32768,True,nf4,1,14,False,262,2.4375,0.27700352668762207,2.25,262,262,True,5.0,5.0,True
32k_nf4,32768,True,nf4,1,15,False,6917,3.150390625,0.4093935489654541,2.375,6917,6917,True,5.4375,4.9375,False
32k_nf4,32768,True,nf4,1,16,False,11,4.25,0.5143334865570068,2.0,11,11,True,4.0,4.1875,True
32k_nf4,32768,True,nf4,1,17,False,477,3.0234375,0.4891524314880371,2.5625,364,584,False,0.625,0.5,False
32k_nf4,32768,True,nf4,1,18,False,520,4.1484375,0.7028401494026184,4.125,1063,264,False,4.875,1.75,False
32k_nf4,32768,True,nf4,1,19,False,459,4.546875,0.6495413780212402,3.46875,3325,3325,True,2.1875,1.125,True
32k_nf4,32768,True,nf4,1,20,False,38413,3.78125,0.5264906287193298,2.6875,38413,38413,True,0.5,0.375,True
32k_nf4,32768,True,nf4,1,21,False,11,3.03125,0.4695057272911072,3.0,11,11,True,2.875,2.875,True
32k_nf4,32768,True,nf4,1,22,False,364,4.046875,0.5142431259155273,1.625,477,477,True,1.0,1.25,True
32k_nf4,32768,True,nf4,1,23,False,15930,2.34375,0.3308110237121582,1.0,15930,15930,True,2.5,1.5,True
32k_nf4,32768,True,nf4,1,24,False,619,1.6875,0.24852421879768372,1.375,619,619,True,2.0,3.125,True
32k_nf4,32768,True,nf4,1,25,False,45876,4.01953125,0.5940110683441162,2.25,1304,682,False,0.5,0.125,False
32k_nf4,32768,True,nf4,1,26,False,279,2.447265625,0.39430490136146545,2.3125,279,279,True,1.0,2.625,True
32k_nf4,32768,True,nf4,1,27,False,39339,6.5,0.5404001474380493,6.5,836,5030,False,6.5,1.625,True
32k_nf4,32768,True,nf4,1,28,False,1664,2.9375,0.42123645544052124,2.375,1664,779,False,0.375,0.5625,False
32k_nf4,32768,True,nf4,1,29,False,25,2.55078125,0.45523765683174133,1.75,13,13,True,0.625,0.5,True
32k_nf4,32768,True,nf4,1,30,False,264,3.703125,0.5274043083190918,3.375,832,832,True,2.125,2.6875,False
32k_nf4,32768,True,nf4,1,31,False,893,4.0703125,0.6509368419647217,2.5,893,198,False,0.375,0.9375,False
32k_nf4,32768,True,nf4,1,32,False,198,4.48828125,0.7309798002243042,3.375,198,198,True,2.625,4.0,False
32k_nf4,32768,True,nf4,1,33,False,262,2.046875,0.3709444999694824,1.25,262,262,True,6.0,6.25,True
32k_nf4,32768,True,nf4,1,34,False,1253,3.578125,0.43869537115097046,2.125,1253,9405,False,0.125,0.375,False
32k_nf4,32768,True,nf4,1,35,False,4128,3.39453125,0.44703516364097595,2.0625,387,387,True,3.625,4.375,True
32k_nf4,32768,True,nf4,1,36,False,813,2.375,0.32769423723220825,2.375,420,420,True,1.75,3.125,True
32k_nf4,32768,True,nf4,1,37,False,4851,3.25,0.3575466573238373,3.25,4851,13272,False,2.5,0.125,True
32k_nf4,32768,True,nf4,1,38,False,704,3.25,0.45032188296318054,3.25,704,704,True,0.625,2.625,False
32k_nf4,32768,True,nf4,1,39,False,39357,2.76953125,0.5129421949386597,2.5625,13,13,True,0.875,0.75,True
32k_nf4,32768,True,nf4,1,40,False,364,3.5234375,0.5542205572128296,1.8125,364,364,True,1.125,1.0,True
32k_nf4,32768,True,nf4,1,41,False,64,2.47467041015625,0.44584909081459045,1.5,83,83,True,0.375,0.25,False
32k_nf4,32768,True,nf4,1,42,False,628,2.9375,0.4508070945739746,1.5625,387,387,True,0.125,1.5,True
32k_nf4,32768,True,nf4,1,43,False,1983,2.3125,0.33403822779655457,1.625,1983,1983,True,1.5,2.0,True
32k_nf4,32768,True,nf4,1,44,False,832,3.375,0.442673921585083,3.375,813,813,True,3.0,2.25,False
32k_nf4,32768,True,nf4,1,45,False,627,3.6875,0.6719076037406921,3.5,555,627,False,1.25,1.25,False
32k_nf4,32768,True,nf4,1,46,False,220,0.96875,0.13834263384342194,0.375,220,220,True,6.625,6.25,True
32k_nf4,32768,True,nf4,1,47,False,356,0.640625,0.10035102069377899,0.3125,356,356,True,0.75,0.625,True
32k_nf4,32768,True,nf4,1,48,False,5152,2.625,0.14222729206085205,0.6875,5152,5152,True,8.625,8.625,True
32k_nf4,32768,True,nf4,1,49,False,2505,1.125,0.19018414616584778,0.75,2505,2505,True,11.5,11.375,True
32k_nf4,32768,True,nf4,1,50,False,1242,1.453125,0.19223181903362274,0.8125,1242,1242,True,10.625,10.75,True
32k_nf4,32768,True,nf4,1,51,False,13,0.890625,0.1457168012857437,0.4375,13,13,True,7.5,7.3125,True
32k_nf4,32768,True,nf4,1,52,False,1472,2.296875,0.3325771689414978,1.25,507,507,True,0.0,0.125,False
32k_nf4,32768,True,nf4,1,53,False,3358,3.125,0.2958179712295532,3.125,527,527,True,1.625,1.3125,False
32k_nf4,32768,True,nf4,1,54,False,387,1.90625,0.27625754475593567,1.0,539,539,True,0.375,0.125,False
32k_nf4,32768,True,nf4,1,55,False,8208,2.1015625,0.2836076617240906,1.6875,832,832,True,1.125,1.125,True
32k_nf4,32768,True,nf4,1,56,False,11,2.4609375,0.3405810296535492,2.0625,5246,5246,True,0.125,0.375,False
32k_nf4,32768,True,nf4,1,57,False,28146,2.8125,0.3801601529121399,1.6875,28146,28146,True,3.5,4.125,True
32k_nf4,32768,True,nf4,1,58,False,1168,3.625,0.5138514637947083,2.21875,11,11,True,3.25,3.1875,True
32k_nf4,32768,True,nf4,1,59,False,525,3.02734375,0.37834644317626953,2.0,525,525,True,5.125,5.375,True
32k_nf4,32768,True,nf4,1,60,False,11,3.1875,0.4505596458911896,2.375,11,11,True,2.5,2.125,True
32k_nf4,32768,True,nf4,1,61,False,323,2.9375,0.512552797794342,2.125,323,323,True,5.8125,5.5,False
32k_nf4,32768,True,nf4,1,62,False,656,2.390625,0.405019611120224,1.625,3686,3686,True,4.625,4.125,True
32k_nf4,32768,True,nf4,1,63,False,439,3.463134765625,0.46664947271347046,2.125,439,439,True,7.5625,5.875,True
