run_id,group,level_id,seed,target_model_name,draft_model_name,spec_steps,kv_block_size,prefetch_depth,context_length,dtype,tokens_generated,time_sec,throughput_tps,acceptance_rate,mean_latency_ms,gpu_peak_mem_mb,n_rounds,status,error
default_canary_s42,canary,default_canary_s42,42,meta-llama/Llama-2-7b-hf,princeton-nlp/Sheared-LLaMA-1.3B,4,512,1,8192,bfloat16,32,6.5495,4.89,0.0729,204.672,23825.8,24,ok,
A1_tinyllama_1b_s42,A1,A1_tinyllama_1b,42,meta-llama/Llama-2-7b-hf,TinyLlama/TinyLlama_v1.1,4,512,1,8192,bfloat16,226,39.9395,5.66,0.0678,176.724,23128.3,177,ok,
A1_tinyllama_1b_s123,A1,A1_tinyllama_1b,123,meta-llama/Llama-2-7b-hf,TinyLlama/TinyLlama_v1.1,4,512,1,8192,bfloat16,259,45.7057,5.67,0.0646,176.47,23484.7,205,ok,
A1_sheared_1b_s42,A1,A1_sheared_1b,42,meta-llama/Llama-2-7b-hf,princeton-nlp/Sheared-LLaMA-1.3B,4,512,1,8192,bfloat16,126,22.597,5.58,0.0722,179.341,24565.2,97,ok,
A1_sheared_1b_s123,A1,A1_sheared_1b,123,meta-llama/Llama-2-7b-hf,princeton-nlp/Sheared-LLaMA-1.3B,4,512,1,8192,bfloat16,256,48.2775,5.3,0.0656,188.584,25497.5,202,ok,
A1_sheared_1b_s456,A1,A1_sheared_1b,456,meta-llama/Llama-2-7b-hf,princeton-nlp/Sheared-LLaMA-1.3B,4,512,1,8192,bfloat16,23,5.4265,4.24,0.0395,235.935,23794.6,19,ok,
A2_k2_s123,A2,A2_k2,123,meta-llama/Llama-2-7b-hf,princeton-nlp/Sheared-LLaMA-1.3B,2,512,1,8192,bfloat16,256,30.4268,8.41,0.0496,118.855,24767.3,232,ok,
A2_k2_s456,A2,A2_k2,456,meta-llama/Llama-2-7b-hf,princeton-nlp/Sheared-LLaMA-1.3B,2,512,1,8192,bfloat16,23,3.8129,6.03,0.0,165.78,23783.6,22,ok,
A2_k4_s42,A2,A2_k4,42,meta-llama/Llama-2-7b-hf,princeton-nlp/Sheared-LLaMA-1.3B,4,512,1,8192,bfloat16,149,25.5774,5.83,0.0958,171.66,24636.3,107,ok,
A2_k4_s123,A2,A2_k4,123,meta-llama/Llama-2-7b-hf,princeton-nlp/Sheared-LLaMA-1.3B,4,512,1,8192,bfloat16,256,44.4115,5.76,0.0838,173.483,25203.0,191,ok,
A2_k4_s456,A2,A2_k4,456,meta-llama/Llama-2-7b-hf,princeton-nlp/Sheared-LLaMA-1.3B,4,512,1,8192,bfloat16,26,5.5082,4.72,0.0789,211.855,23794.6,19,ok,
A2_k6_s42,A2,A2_k6,42,meta-llama/Llama-2-7b-hf,princeton-nlp/Sheared-LLaMA-1.3B,6,512,1,8192,bfloat16,225,56.1673,4.01,0.061,249.632,25541.2,164,ok,
A2_k6_s123,A2,A2_k6,123,meta-llama/Llama-2-7b-hf,princeton-nlp/Sheared-LLaMA-1.3B,6,512,1,8192,bfloat16,173,41.2387,4.2,0.0627,238.374,25080.3,125,ok,
A2_k8_s123,A2,A2_k8,123,meta-llama/Llama-2-7b-hf,princeton-nlp/Sheared-LLaMA-1.3B,8,512,1,8192,bfloat16,191,60.7237,3.15,0.0434,317.925,25903.6,141,ok,
A2_k8_s456,A2,A2_k8,456,meta-llama/Llama-2-7b-hf,princeton-nlp/Sheared-LLaMA-1.3B,8,512,1,8192,bfloat16,32,13.2256,2.42,0.0185,413.3,24195.4,27,ok,
A2_k12_s42,A2,A2_k12,42,meta-llama/Llama-2-7b-hf,princeton-nlp/Sheared-LLaMA-1.3B,12,512,1,8192,bfloat16,247,125.2202,1.97,0.0234,506.964,27851.9,192,ok,
A2_k12_s456,A2,A2_k12,456,meta-llama/Llama-2-7b-hf,princeton-nlp/Sheared-LLaMA-1.3B,12,512,1,8192,bfloat16,49,22.6751,2.16,0.0379,462.757,24367.3,33,ok,
A3_block256_s42,A3,A3_block256,42,meta-llama/Llama-2-7b-hf,princeton-nlp/Sheared-LLaMA-1.3B,4,256,1,8192,bfloat16,130,22.951,5.66,0.0825,176.546,24565.2,97,ok,
A3_block256_s123,A3,A3_block256,123,meta-llama/Llama-2-7b-hf,princeton-nlp/Sheared-LLaMA-1.3B,4,256,1,8192,bfloat16,256,49.8666,5.13,0.0595,194.792,25499.4,206,ok,
A3_block256_s456,A3,A3_block256,456,meta-llama/Llama-2-7b-hf,princeton-nlp/Sheared-LLaMA-1.3B,4,256,1,8192,bfloat16,23,5.4969,4.18,0.0395,238.995,23794.6,19,ok,
A3_block512_s42,A3,A3_block512,42,meta-llama/Llama-2-7b-hf,princeton-nlp/Sheared-LLaMA-1.3B,4,512,1,8192,bfloat16,145,26.3235,5.51,0.0864,181.542,24636.3,107,ok,
A3_block512_s123,A3,A3_block512,123,meta-llama/Llama-2-7b-hf,princeton-nlp/Sheared-LLaMA-1.3B,4,512,1,8192,bfloat16,256,44.4727,5.76,0.0769,173.721,25281.8,195,ok,
A3_block512_s456,A3,A3_block512,456,meta-llama/Llama-2-7b-hf,princeton-nlp/Sheared-LLaMA-1.3B,4,512,1,8192,bfloat16,23,5.4246,4.24,0.0395,235.853,23794.6,19,ok,
A5_llama2_7b_s42,A5,A5_llama2_7b,42,meta-llama/Llama-2-7b-hf,princeton-nlp/Sheared-LLaMA-1.3B,4,512,1,8192,bfloat16,140,26.2684,5.33,0.0748,187.631,24636.3,107,ok,
A5_llama2_7b_s123,A5,A5_llama2_7b,123,meta-llama/Llama-2-7b-hf,princeton-nlp/Sheared-LLaMA-1.3B,4,512,1,8192,bfloat16,256,49.6932,5.15,0.055,194.114,25500.8,209,ok,
A5_llama2_7b_s456,A5,A5_llama2_7b,456,meta-llama/Llama-2-7b-hf,princeton-nlp/Sheared-LLaMA-1.3B,4,512,1,8192,bfloat16,23,5.4555,4.22,0.0395,237.197,23794.6,19,ok,
A5_llama2_13b_s42,A5,A5_llama2_13b,42,meta-llama/Llama-2-13b-hf,princeton-nlp/Sheared-LLaMA-1.3B,4,512,1,8192,bfloat16,211,53.7267,3.93,0.0466,254.629,38282.5,177,ok,
A5_llama2_13b_s123,A5,A5_llama2_13b,123,meta-llama/Llama-2-13b-hf,princeton-nlp/Sheared-LLaMA-1.3B,4,512,1,8192,bfloat16,241,65.53,3.68,0.0278,271.909,38820.7,216,ok,
A5_llama2_13b_s456,A5,A5_llama2_13b,456,meta-llama/Llama-2-13b-hf,princeton-nlp/Sheared-LLaMA-1.3B,4,512,1,8192,bfloat16,120,30.6202,3.92,0.0446,255.168,37288.9,101,ok,
A3_block1024_s123,A3,A3_block1024,123,meta-llama/Llama-2-7b-hf,princeton-nlp/Sheared-LLaMA-1.3B,4,1024,1,8192,bfloat16,111,27.2829,4.07,0.1026,245.792,25332.2,78,ok,
A3_block1024_s456,A3,A3_block1024,456,meta-llama/Llama-2-7b-hf,princeton-nlp/Sheared-LLaMA-1.3B,4,1024,1,8192,bfloat16,28,9.6057,2.91,0.1053,343.062,24818.6,19,ok,
A3_block2048_s42,A3,A3_block2048,42,meta-llama/Llama-2-7b-hf,princeton-nlp/Sheared-LLaMA-1.3B,4,2048,1,8192,bfloat16,148,33.3461,4.44,0.1289,225.311,26613.2,97,ok,
A3_block2048_s123,A3,A3_block2048,123,meta-llama/Llama-2-7b-hf,princeton-nlp/Sheared-LLaMA-1.3B,4,2048,1,8192,bfloat16,111,27.8073,3.99,0.1026,250.516,26356.2,78,ok,
A3_block2048_s456,A3,A3_block2048,456,meta-llama/Llama-2-7b-hf,princeton-nlp/Sheared-LLaMA-1.3B,4,2048,1,8192,bfloat16,28,10.2261,2.74,0.1053,365.217,25842.6,19,ok,
A4_sync_s123,A4,A4_sync,123,meta-llama/Llama-2-7b-hf,princeton-nlp/Sheared-LLaMA-1.3B,4,512,0,8192,bfloat16,111,27.0379,4.11,0.1026,243.584,24820.2,78,ok,
A4_sync_s456,A4,A4_sync,456,meta-llama/Llama-2-7b-hf,princeton-nlp/Sheared-LLaMA-1.3B,4,512,0,8192,bfloat16,28,9.3567,2.99,0.1053,334.168,24306.6,19,ok,
A3_block1024_s42,A3,A3_block1024,42,meta-llama/Llama-2-7b-hf,princeton-nlp/Sheared-LLaMA-1.3B,4,1024,1,8192,bfloat16,148,32.8323,4.51,0.1289,221.84,25589.2,97,ok,
A4_sync_s42,A4,A4_sync,42,meta-llama/Llama-2-7b-hf,princeton-nlp/Sheared-LLaMA-1.3B,4,512,0,8192,bfloat16,148,32.5469,4.55,0.1289,219.911,25077.2,97,ok,
A4_async1_s42,A4,A4_async1,42,meta-llama/Llama-2-7b-hf,princeton-nlp/Sheared-LLaMA-1.3B,4,512,1,8192,bfloat16,148,32.673,4.53,0.1289,220.764,25077.2,97,ok,
A4_async1_s123,A4,A4_async1,123,meta-llama/Llama-2-7b-hf,princeton-nlp/Sheared-LLaMA-1.3B,4,512,1,8192,bfloat16,111,27.5964,4.02,0.1026,248.616,24820.2,78,ok,
A4_async1_s456,A4,A4_async1,456,meta-llama/Llama-2-7b-hf,princeton-nlp/Sheared-LLaMA-1.3B,4,512,1,8192,bfloat16,28,9.436,2.97,0.1053,336.999,24306.6,19,ok,
A4_async2_s42,A4,A4_async2,42,meta-llama/Llama-2-7b-hf,princeton-nlp/Sheared-LLaMA-1.3B,4,512,2,8192,bfloat16,148,32.4341,4.56,0.1289,219.15,25077.2,97,ok,
A4_async2_s123,A4,A4_async2,123,meta-llama/Llama-2-7b-hf,princeton-nlp/Sheared-LLaMA-1.3B,4,512,2,8192,bfloat16,111,27.1231,4.09,0.1026,244.352,24820.2,78,ok,
A4_async2_s456,A4,A4_async2,456,meta-llama/Llama-2-7b-hf,princeton-nlp/Sheared-LLaMA-1.3B,4,512,2,8192,bfloat16,28,9.7296,2.88,0.1053,347.484,24306.6,19,ok,
A1_tinyllama_1b_s456,A1,A1_tinyllama_1b,456,meta-llama/Llama-2-7b-hf,TinyLlama/TinyLlama_v1.1,4,512,1,8192,bfloat16,9,5.9006,1.53,0.0357,655.627,22448.2,7,ok,
A2_k2_s42,A2,A2_k2,42,meta-llama/Llama-2-7b-hf,princeton-nlp/Sheared-LLaMA-1.3B,2,512,1,8192,bfloat16,6,4.6771,1.28,0.0,779.521,24283.7,5,ok,
A2_k6_s456,A2,A2_k6,456,meta-llama/Llama-2-7b-hf,princeton-nlp/Sheared-LLaMA-1.3B,6,512,1,8192,bfloat16,14,8.4639,1.65,0.0303,604.561,24303.9,11,ok,
A2_k8_s42,A2,A2_k8,42,meta-llama/Llama-2-7b-hf,princeton-nlp/Sheared-LLaMA-1.3B,8,512,1,8192,bfloat16,3,4.8623,0.62,0.0,1620.762,24287.5,2,ok,
A2_k12_s123,A2,A2_k12,123,meta-llama/Llama-2-7b-hf,princeton-nlp/Sheared-LLaMA-1.3B,12,512,1,8192,bfloat16,23,19.2414,1.2,0.0132,836.581,24712.4,19,ok,
