stage,wall_seconds,nproc,gpu_hours,node_cost_usd
arm4_f1_128k,2669,8,5.9311,16.55
arm4_f1_128k,2295,8,5.1000,14.23
arm4_f2_128k,243,8,0.5400,1.51
arm4_f4_128k,332,8,0.7378,2.06
pg19_short_target,82,8,0.1822,0.51
gate_calibration,733,8,1.6289,4.54
engine_cap_smoke,24,8,0.0533,0.15
gate_calibration,753,8,1.6733,4.67
engine_cap_smoke,5467,8,12.1489,33.90
gate_calibration,672,8,1.4933,4.17
gate_calibration,682,8,1.5156,4.23
engine_cap_smoke,5880,8,13.0667,36.46
correction_note_evidence,412,8,0.9156,2.55
coherence_gate,2340,8,5.2000,14.51
natural_f1_128k,25402,8,56.4489,157.49
natural_f1_128k_losslessness,0,8,0.0000,0.00
natural_f1_128k_doc_intervals,0,8,0.0000,0.00
natural_f1_128k_round_acceptance,1,8,0.0022,0.01
impl_validation,3,8,0.0067,0.02
