trace,n_rounds,n_rounds_used,gamma,alpha_round,alpha_round_ci_lo,alpha_round_ci_hi,ci_half_width,alpha_total_ratio,alpha_iid,p_alpha_zero,full_accept_share,total_accepted,total_drafted,ended_on_eos_round,rounds_before_eos,rounds_after_eos,alpha_window15,alpha_window15_ci_lo,alpha_window15_ci_hi,n_rounds_window15
CAPS_prefix1024_pg19_train_1_s42,231,230,4,0.86087,0.820652,0.897826,0.038587,0.86087,0.940964,0.052174,0.804348,792,920,,,,0.3,0.166667,0.45,15
CAPS_prefix64_bf16_pg19_train_1_s42,27,26,4,0.326923,0.173077,0.490385,0.158654,0.326923,0.600505,0.5,0.230769,34,104,,,,0.233333,0.066667,0.433333,15
CAPS_prefix64_pg19_train_1_s42,30,29,4,0.275862,0.163793,0.396552,0.116379,0.275862,0.548108,0.413793,0.103448,32,116,,,,0.15,0.033333,0.3,15
NATURAL_f1_128k_pg19_train_0_s42,294,293,4,0.620307,0.575085,0.665529,0.045222,0.620307,0.817859,0.187713,0.412969,727,1172,,,,0.266667,0.116667,0.45,15
NATURAL_f1_128k_pg19_train_115_s42,215,214,4,0.943925,0.91472,0.969626,0.027453,0.943925,0.977049,0.03271,0.920561,808,856,,,,0.533333,0.333333,0.733333,15
NATURAL_f1_128k_pg19_train_1404_s42,210,209,4,0.970096,0.947368,0.989234,0.020933,0.970096,0.987893,0.014354,0.956938,811,836,,,,0.583333,0.383333,0.783333,15
NATURAL_f1_128k_pg19_train_1726_s42,234,233,4,0.844421,0.804721,0.883047,0.039163,0.844421,0.93349,0.04721,0.763948,787,932,,,,0.466667,0.283333,0.666667,15
NATURAL_f1_128k_pg19_train_1981_s42,212,211,4,0.959716,0.936019,0.979858,0.021919,0.959716,0.98362,0.009479,0.92891,810,844,,,,0.566667,0.4,0.733333,15
NATURAL_f1_128k_pg19_train_1_s42,231,230,4,0.86087,0.820652,0.897826,0.038587,0.86087,0.940964,0.052174,0.804348,792,920,,,,0.3,0.166667,0.45,15
NATURAL_f1_128k_pg19_train_2204_s42,226,225,4,0.884444,0.846667,0.92,0.036667,0.884444,0.95148,0.057778,0.844444,796,900,,,,0.333333,0.183333,0.5,15
NATURAL_f1_128k_pg19_train_2768_s42,217,216,4,0.930556,0.90162,0.957176,0.027778,0.930556,0.971417,0.018519,0.884259,804,864,,,,0.6,0.4,0.8,15
NATURAL_f1_128k_pg19_train_537_s42,231,230,4,0.858696,0.816304,0.897826,0.040761,0.858696,0.939983,0.086957,0.821739,790,920,,,,0.45,0.25,0.65,15
NATURAL_f1_128k_pg19_train_915_s42,211,210,4,0.963095,0.939286,0.983333,0.022024,0.963095,0.985015,0.014286,0.942857,809,840,,,,0.5,0.316667,0.7,15
