context_length,arm_role,estimate,metric,point,ci_lo,ci_hi,t_ci_lo,t_ci_hi,n_documents,saturated,verdict,paired_arm_roles,note
131072,spec,mean,acceptance_rate,0.88361,0.815738,0.93429,0.809182,0.958038,10,,,,
131072,target_full,mean,acceptance_rate,0.0,0.0,0.0,0.0,0.0,3,,,,
131072,target_short,mean,acceptance_rate,0.0,0.0,0.0,0.0,0.0,7,,,,
131072,spec,mean,decode_tps,1.1076,1.046198,1.1567,1.038339,1.176861,10,,,,
131072,target_full,mean,decode_tps,0.258,0.255,0.261,0.250547,0.265453,3,,,,
131072,target_short,mean,decode_tps,0.278,0.273429,0.282286,0.272006,0.283994,7,,,,
131072,spec,mean,throughput_tps,1.098,1.038,1.147,1.030325,1.165675,10,,,,
131072,target_full,mean,throughput_tps,0.256667,0.25,0.26,0.242323,0.27101,3,,,,
131072,target_short,mean,throughput_tps,0.275714,0.271429,0.278571,0.270771,0.280658,7,,,,
131072,spec,mean,target_ppl,7.216143,4.949943,9.554117,4.415952,10.016334,10,,,,
131072,target_full,mean,target_ppl,3.715934,1.321284,5.171527,-1.475955,8.907823,3,,,,
131072,"target_full,target_short",paired_speedup,decode_tps,4.072059,3.864251,4.267334,3.806585,4.329952,10,,above,"target_full,target_short",
131072,"target_full,target_short",paired_speedup_throughput_tps,throughput_tps,4.066667,3.865163,4.250923,3.811823,4.31313,10,,,"target_full,target_short",
