spec_run_id,target_run_id,doc_id,context_length,verdict,lossless,lossless_full_prefix,verified_prefix,meets_min_prefix,min_prefix,first_mismatch_position,spec_tokens,target_tokens,target_tokens_requested,compared_tokens,numeric_tie,tie_gap_threshold,tie_positions,gap_at_divergence_spec,gap_at_divergence_target,spec_acceptance,spec_throughput_tps,target_throughput_tps,detail
NATURAL_f1_128k_pg19_train_0_s42,NATURAL_f1_128k_targetfull_pg19_train_0_s42,pg19_train_0,131072,MISMATCH,False,False,1024,False,128,16,1024,1024,1024,1024,False,0.1,[],6.875,7.5,0.6203,0.87,0.26,token 16: spec=972 target=1114 (gaps 6.875 / 7.5)
NATURAL_f1_128k_pg19_train_1_s42,NATURAL_f1_128k_targetfull_pg19_train_1_s42,pg19_train_1,131072,MISMATCH,False,False,1024,False,128,2,1024,1024,1024,1024,False,0.1,[],1.75,1.75,0.8609,1.08,0.25,token 2: spec=527 target=316 (gaps 1.75 / 1.75)
NATURAL_f1_128k_pg19_train_115_s42,NATURAL_f1_128k_targetfull_pg19_train_115_s42,pg19_train_115,131072,MISMATCH,False,False,1024,False,128,5,1024,1024,1024,1024,False,0.1,[],0.375,0.375,0.9439,1.15,0.26,token 5: spec=856 target=198 (gaps 0.375 / 0.375)
NATURAL_f1_128k_pg19_train_537_s42,NATURAL_f1_128k_targetshort_pg19_train_537_s42,pg19_train_537,131072,MISMATCH,False,False,128,False,128,8,1024,128,128,128,False,0.1,[],0.4375,0.1875,0.8587,1.08,0.28,token 8: spec=69 target=39 (gaps 0.4375 / 0.1875)
NATURAL_f1_128k_pg19_train_915_s42,NATURAL_f1_128k_targetshort_pg19_train_915_s42,pg19_train_915,131072,MISMATCH,False,False,128,False,128,9,1024,128,128,128,False,0.1,[],0.75,0.125,0.9631,1.23,0.27,token 9: spec=279 target=198 (gaps 0.75 / 0.125)
NATURAL_f1_128k_pg19_train_1404_s42,NATURAL_f1_128k_targetshort_pg19_train_1404_s42,pg19_train_1404,131072,MISMATCH,False,False,128,False,128,13,1024,128,128,128,False,0.1,[],2.125,0.5,0.9701,1.12,0.28,token 13: spec=311 target=17371 (gaps 2.125 / 0.5)
NATURAL_f1_128k_pg19_train_1726_s42,NATURAL_f1_128k_targetshort_pg19_train_1726_s42,pg19_train_1726,131072,MISMATCH,False,False,128,False,128,12,1024,128,128,128,False,0.1,[],0.375,0.125,0.8444,1.05,0.27,token 12: spec=279 target=264 (gaps 0.375 / 0.125)
NATURAL_f1_128k_pg19_train_1981_s42,NATURAL_f1_128k_targetshort_pg19_train_1981_s42,pg19_train_1981,131072,MISMATCH,False,False,128,False,128,15,1024,128,128,128,False,0.1,[],0.5,0.125,0.9597,1.16,0.28,token 15: spec=264 target=459 (gaps 0.5 / 0.125)
NATURAL_f1_128k_pg19_train_2204_s42,NATURAL_f1_128k_targetshort_pg19_train_2204_s42,pg19_train_2204,131072,NUMERIC_TIE,False,False,128,False,128,4,1024,128,128,128,True,0.1,[4],0.0625,0.0625,0.8844,1.11,0.27,"token 4: spec=91047 target=91533 at a target top1-top2 gap of 0.0625 (spec) / 0.0625 (target), below the 0.1 tie threshold"
NATURAL_f1_128k_pg19_train_2768_s42,NATURAL_f1_128k_targetshort_pg19_train_2768_s42,pg19_train_2768,131072,MISMATCH,False,False,128,False,128,7,1024,128,128,128,False,0.1,[],0.1875,0.375,0.9306,1.13,0.28,token 7: spec=11 target=2493 (gaps 0.1875 / 0.375)
