run_id,group,level_id,seed,target_model_name,draft_model_name,spec_steps,kv_block_size,prefetch_depth,context_length,dtype,tokens_generated,time_sec,throughput_tps,acceptance_rate,mean_latency_ms,gpu_peak_mem_mb,n_rounds,status,error
default_canary_s42,canary,default_canary_s42,42,meta-llama/Llama-2-7b-hf,princeton-nlp/Sheared-LLaMA-1.3B,4,512,1,8192,bfloat16,32,6.5495,4.89,0.0729,204.672,23825.8,24,ok,
A1_tinyllama_1b_s42,A1,A1_tinyllama_1b,42,meta-llama/Llama-2-7b-hf,TinyLlama/TinyLlama_v1.1,4,512,1,8192,bfloat16,226,39.9395,5.66,0.0678,176.724,23128.3,177,ok,
A1_tinyllama_1b_s123,A1,A1_tinyllama_1b,123,meta-llama/Llama-2-7b-hf,TinyLlama/TinyLlama_v1.1,4,512,1,8192,bfloat16,259,45.7057,5.67,0.0646,176.47,23484.7,205,ok,
A1_tinyllama_1b_s456,A1,A1_tinyllama_1b,456,meta-llama/Llama-2-7b-hf,TinyLlama/TinyLlama_v1.1,4,512,1,8192,bfloat16,9,2.5031,3.6,0.0357,278.124,21936.2,7,ok,
A1_sheared_1b_s42,A1,A1_sheared_1b,42,meta-llama/Llama-2-7b-hf,princeton-nlp/Sheared-LLaMA-1.3B,4,512,1,8192,bfloat16,126,22.597,5.58,0.0722,179.341,24565.2,97,ok,
A1_sheared_1b_s123,A1,A1_sheared_1b,123,meta-llama/Llama-2-7b-hf,princeton-nlp/Sheared-LLaMA-1.3B,4,512,1,8192,bfloat16,256,48.2775,5.3,0.0656,188.584,25497.5,202,ok,
A1_sheared_1b_s456,A1,A1_sheared_1b,456,meta-llama/Llama-2-7b-hf,princeton-nlp/Sheared-LLaMA-1.3B,4,512,1,8192,bfloat16,23,5.4265,4.24,0.0395,235.935,23794.6,19,ok,
A2_k2_s42,A2,A2_k2,42,meta-llama/Llama-2-7b-hf,princeton-nlp/Sheared-LLaMA-1.3B,2,512,1,8192,bfloat16,6,1.7022,3.52,0.0,283.706,23771.7,5,ok,
A2_k2_s123,A2,A2_k2,123,meta-llama/Llama-2-7b-hf,princeton-nlp/Sheared-LLaMA-1.3B,2,512,1,8192,bfloat16,256,30.4268,8.41,0.0496,118.855,24767.3,232,ok,
A2_k2_s456,A2,A2_k2,456,meta-llama/Llama-2-7b-hf,princeton-nlp/Sheared-LLaMA-1.3B,2,512,1,8192,bfloat16,23,3.8129,6.03,0.0,165.78,23783.6,22,ok,
A2_k4_s42,A2,A2_k4,42,meta-llama/Llama-2-7b-hf,princeton-nlp/Sheared-LLaMA-1.3B,4,512,1,8192,bfloat16,149,25.5774,5.83,0.0958,171.66,24636.3,107,ok,
A2_k4_s123,A2,A2_k4,123,meta-llama/Llama-2-7b-hf,princeton-nlp/Sheared-LLaMA-1.3B,4,512,1,8192,bfloat16,256,44.4115,5.76,0.0838,173.483,25203.0,191,ok,
A2_k4_s456,A2,A2_k4,456,meta-llama/Llama-2-7b-hf,princeton-nlp/Sheared-LLaMA-1.3B,4,512,1,8192,bfloat16,26,5.5082,4.72,0.0789,211.855,23794.6,19,ok,
A2_k6_s42,A2,A2_k6,42,meta-llama/Llama-2-7b-hf,princeton-nlp/Sheared-LLaMA-1.3B,6,512,1,8192,bfloat16,225,56.1673,4.01,0.061,249.632,25541.2,164,ok,
A2_k6_s123,A2,A2_k6,123,meta-llama/Llama-2-7b-hf,princeton-nlp/Sheared-LLaMA-1.3B,6,512,1,8192,bfloat16,173,41.2387,4.2,0.0627,238.374,25080.3,125,ok,
A2_k6_s456,A2,A2_k6,456,meta-llama/Llama-2-7b-hf,princeton-nlp/Sheared-LLaMA-1.3B,6,512,1,8192,bfloat16,13,4.9239,2.64,0.0152,378.765,23791.9,11,ok,
A2_k8_s42,A2,A2_k8,42,meta-llama/Llama-2-7b-hf,princeton-nlp/Sheared-LLaMA-1.3B,8,512,1,8192,bfloat16,3,1.9093,1.57,0.0,636.442,23775.5,2,ok,
A2_k8_s123,A2,A2_k8,123,meta-llama/Llama-2-7b-hf,princeton-nlp/Sheared-LLaMA-1.3B,8,512,1,8192,bfloat16,191,60.7237,3.15,0.0434,317.925,25903.6,141,ok,
A2_k8_s456,A2,A2_k8,456,meta-llama/Llama-2-7b-hf,princeton-nlp/Sheared-LLaMA-1.3B,8,512,1,8192,bfloat16,32,13.2256,2.42,0.0185,413.3,24195.4,27,ok,
A2_k12_s42,A2,A2_k12,42,meta-llama/Llama-2-7b-hf,princeton-nlp/Sheared-LLaMA-1.3B,12,512,1,8192,bfloat16,247,125.2202,1.97,0.0234,506.964,27851.9,192,ok,
A2_k12_s123,A2,A2_k12,123,meta-llama/Llama-2-7b-hf,princeton-nlp/Sheared-LLaMA-1.3B,12,512,1,8192,bfloat16,24,12.759,1.88,0.0175,531.626,24200.4,19,ok,
A2_k12_s456,A2,A2_k12,456,meta-llama/Llama-2-7b-hf,princeton-nlp/Sheared-LLaMA-1.3B,12,512,1,8192,bfloat16,49,22.6751,2.16,0.0379,462.757,24367.3,33,ok,
A3_block256_s42,A3,A3_block256,42,meta-llama/Llama-2-7b-hf,princeton-nlp/Sheared-LLaMA-1.3B,4,256,1,8192,bfloat16,130,22.951,5.66,0.0825,176.546,24565.2,97,ok,
A3_block256_s123,A3,A3_block256,123,meta-llama/Llama-2-7b-hf,princeton-nlp/Sheared-LLaMA-1.3B,4,256,1,8192,bfloat16,256,49.8666,5.13,0.0595,194.792,25499.4,206,ok,
A3_block256_s456,A3,A3_block256,456,meta-llama/Llama-2-7b-hf,princeton-nlp/Sheared-LLaMA-1.3B,4,256,1,8192,bfloat16,23,5.4969,4.18,0.0395,238.995,23794.6,19,ok,
A3_block512_s42,A3,A3_block512,42,meta-llama/Llama-2-7b-hf,princeton-nlp/Sheared-LLaMA-1.3B,4,512,1,8192,bfloat16,145,26.3235,5.51,0.0864,181.542,24636.3,107,ok,
A3_block512_s123,A3,A3_block512,123,meta-llama/Llama-2-7b-hf,princeton-nlp/Sheared-LLaMA-1.3B,4,512,1,8192,bfloat16,256,44.4727,5.76,0.0769,173.721,25281.8,195,ok,
A3_block512_s456,A3,A3_block512,456,meta-llama/Llama-2-7b-hf,princeton-nlp/Sheared-LLaMA-1.3B,4,512,1,8192,bfloat16,23,5.4246,4.24,0.0395,235.853,23794.6,19,ok,
A5_llama2_7b_s42,A5,A5_llama2_7b,42,meta-llama/Llama-2-7b-hf,princeton-nlp/Sheared-LLaMA-1.3B,4,512,1,8192,bfloat16,140,26.2684,5.33,0.0748,187.631,24636.3,107,ok,
A5_llama2_7b_s123,A5,A5_llama2_7b,123,meta-llama/Llama-2-7b-hf,princeton-nlp/Sheared-LLaMA-1.3B,4,512,1,8192,bfloat16,256,49.6932,5.15,0.055,194.114,25500.8,209,ok,
A5_llama2_7b_s456,A5,A5_llama2_7b,456,meta-llama/Llama-2-7b-hf,princeton-nlp/Sheared-LLaMA-1.3B,4,512,1,8192,bfloat16,23,5.4555,4.22,0.0395,237.197,23794.6,19,ok,
A5_llama2_13b_s42,A5,A5_llama2_13b,42,meta-llama/Llama-2-13b-hf,princeton-nlp/Sheared-LLaMA-1.3B,4,512,1,8192,bfloat16,211,53.7267,3.93,0.0466,254.629,38282.5,177,ok,
A5_llama2_13b_s123,A5,A5_llama2_13b,123,meta-llama/Llama-2-13b-hf,princeton-nlp/Sheared-LLaMA-1.3B,4,512,1,8192,bfloat16,241,65.53,3.68,0.0278,271.909,38820.7,216,ok,
A5_llama2_13b_s456,A5,A5_llama2_13b,456,meta-llama/Llama-2-13b-hf,princeton-nlp/Sheared-LLaMA-1.3B,4,512,1,8192,bfloat16,120,30.6202,3.92,0.0446,255.168,37288.9,101,ok,
