run_id,doc_id,context_length,acceptance_reported,w0_acceptance,w0_rounds,w0_period,w0_self_agreement,w0_first_periodic_token,w0_periodic_tail_share,w0_degenerate,row_period,row_self_agreement,row_first_periodic_token,row_periodic_tail_share,row_tokens_in_repeat,row_flag,row_reasons,windows_total,windows_used,acceptance_nondegenerate,acceptance_nondegenerate_n
NATURAL_f1_128k_pg19_train_0_s42,pg19_train_0,131072,0.6203,0.3103,58,35,0.2581,128,0.0,False,35,0.3873,1024,0.0,0.5703,clean,,8,7,0.7107,7
NATURAL_f1_128k_pg19_train_1_s42,pg19_train_1,131072,0.8609,0.4943,44,35,0.172,90,0.2969,False,308,0.7458,1024,0.0,0.9248,LOOP,a 379-token span repeats verbatim >= 128 absolute; 92% of tokens inside a repeated 16-gram > 60% absolute,8,5,0.8599,5
NATURAL_f1_128k_pg19_train_115_s42,pg19_train_115,131072,0.9439,0.7059,34,44,0.6905,55,0.5703,True,18,0.9453,169,0.835,0.9805,LOOP,a 512-token span repeats verbatim >= 128 absolute; 98% of tokens inside a repeated 16-gram > 60% absolute; periodic tail 84% of the row (period 18) > 50% absolute,8,0,,0
NATURAL_f1_128k_pg19_train_537_s42,pg19_train_537,131072,0.8587,0.5769,39,21,0.5327,94,0.2656,False,21,0.8943,997,0.0264,0.9424,LOOP,94% of tokens inside a repeated 16-gram > 60% absolute,8,5,0.8672,5
NATURAL_f1_128k_pg19_train_915_s42,pg19_train_915,131072,0.9631,0.7578,32,20,0.787,25,0.8047,True,20,0.9771,25,0.9756,0.9756,LOOP,a 512-token span repeats verbatim >= 128 absolute; 98% of tokens inside a repeated 16-gram > 60% absolute; periodic tail 98% of the row (period 20) > 50% absolute,8,0,,0
NATURAL_f1_128k_pg19_train_1404_s42,pg19_train_1404,131072,0.9701,0.7984,31,4,0.8226,22,0.8281,True,12,0.9792,22,0.9785,0.9785,LOOP,a 512-token span repeats verbatim >= 128 absolute; 98% of tokens inside a repeated 16-gram > 60% absolute; periodic tail 98% of the row (period 12) > 50% absolute,8,0,,0
NATURAL_f1_128k_pg19_train_1726_s42,pg19_train_1726,131072,0.8444,0.6118,38,33,0.0947,128,0.0,False,280,0.6882,1024,0.0,0.8848,LOOP,88% of tokens inside a repeated 16-gram > 60% absolute,8,8,0.8577,8
NATURAL_f1_128k_pg19_train_1981_s42,pg19_train_1981,131072,0.9597,0.7424,33,13,0.5391,53,0.5859,True,26,0.9479,53,0.9482,0.9482,LOOP,a 512-token span repeats verbatim >= 128 absolute; 95% of tokens inside a repeated 16-gram > 60% absolute; periodic tail 95% of the row (period 26) > 50% absolute,8,0,,0
NATURAL_f1_128k_pg19_train_2204_s42,pg19_train_2204,131072,0.8844,0.4468,47,7,0.3471,85,0.3359,False,7,0.9223,85,0.917,0.917,LOOP,a 512-token span repeats verbatim >= 128 absolute; 92% of tokens inside a repeated 16-gram > 60% absolute; periodic tail 92% of the row (period 7) > 50% absolute,8,1,0.4468,1
NATURAL_f1_128k_pg19_train_2768_s42,pg19_train_2768,131072,0.9306,0.7903,31,21,0.9159,128,0.0,False,4,0.752,1013,0.0107,0.9951,LOOP,a 226-token span repeats verbatim >= 128 absolute; 100% of tokens inside a repeated 16-gram > 60% absolute,8,6,0.9277,6
