group,level_id,metric,n,mean,ci_lo,ci_hi,ci_half,n_seeds
ARM1_SPEC,ARM1_llama2_yarn_128k,tokens_generated,3,21.666666666666668,16.0,29.0,6.5,3
ARM1_SPEC,ARM1_llama2_yarn_128k,time_sec,3,51.719233333333335,42.597,61.7004,9.5517,3
ARM1_SPEC,ARM1_llama2_yarn_128k,throughput_tps,3,0.41333333333333333,0.38000000000000006,0.47,0.04499999999999996,3
ARM1_SPEC,ARM1_llama2_yarn_128k,acceptance_rate,3,0.09876666666666667,0.0625,0.1184,0.027950000000000003,3
ARM1_SPEC,ARM1_llama2_yarn_128k,mean_latency_ms,3,2444.3089999999997,2127.6,2662.311,267.3555000000001,3
ARM1_SPEC,ARM1_llama2_yarn_128k,ttft_ms,3,11865.464666666667,10138.646,15089.013,2475.1835,3
ARM1_SPEC,ARM1_llama2_yarn_128k,gpu_peak_mem_mb,3,10724.633333333333,10720.7,10730.2,4.75,3
ARM1_SPEC,ARM1_llama2_yarn_128k,n_rounds,3,14.666666666666666,12.0,19.0,3.5,3
ARM1_TARGET_ONLY,ARM1_llama2_yarn_128k_targetonly,tokens_generated,3,50.0,22.0,64.0,21.0,3
ARM1_TARGET_ONLY,ARM1_llama2_yarn_128k_targetonly,time_sec,3,240.02756666666664,103.5516,315.8949,106.17165,3
ARM1_TARGET_ONLY,ARM1_llama2_yarn_128k_targetonly,throughput_tps,3,0.20666666666666667,0.20000000000000004,0.21,0.004999999999999977,3
ARM1_TARGET_ONLY,ARM1_llama2_yarn_128k_targetonly,acceptance_rate,3,0.0,0.0,0.0,0.0,3
ARM1_TARGET_ONLY,ARM1_llama2_yarn_128k_targetonly,mean_latency_ms,3,4780.063999999999,4697.441,4935.858,119.20850000000019,3
ARM1_TARGET_ONLY,ARM1_llama2_yarn_128k_targetonly,ttft_ms,3,14267.381,10821.076,16457.168,2818.046000000001,3
ARM1_TARGET_ONLY,ARM1_llama2_yarn_128k_targetonly,gpu_peak_mem_mb,3,8447.6,8447.6,8447.6,0.0,3
ARM1_TARGET_ONLY,ARM1_llama2_yarn_128k_targetonly,n_rounds,3,49.0,21.0,63.0,21.0,3
ARM2_SPEC,ARM2_llama3_native_128k_cap4k,tokens_generated,3,66.33333333333333,64.0,68.0,2.0,3
ARM2_SPEC,ARM2_llama3_native_128k_cap4k,time_sec,3,47.707100000000004,45.3389,51.678599999999996,3.1698499999999967,3
ARM2_SPEC,ARM2_llama3_native_128k_cap4k,throughput_tps,3,1.3966666666666665,1.32,1.4799999999999998,0.07999999999999985,3
ARM2_SPEC,ARM2_llama3_native_128k_cap4k,acceptance_rate,3,0.8901,0.8667000000000001,0.9286,0.030949999999999922,3
ARM2_SPEC,ARM2_llama3_native_128k_cap4k,mean_latency_ms,3,719.0173333333333,676.7,759.98,41.639999999999986,3
ARM2_SPEC,ARM2_llama3_native_128k_cap4k,ttft_ms,3,9507.109666666667,9144.917,10160.004,507.5435000000007,3
ARM2_SPEC,ARM2_llama3_native_128k_cap4k,gpu_peak_mem_mb,3,10028.5,10028.4,10028.6,0.1000000000003638,3
ARM2_SPEC,ARM2_llama3_native_128k_cap4k,n_rounds,3,14.333333333333334,14.0,15.0,0.5,3
ARM2_TARGET_ONLY,ARM2_llama3_native_128k_targetonly,tokens_generated,3,64.0,64.0,64.0,0.0,3
ARM2_TARGET_ONLY,ARM2_llama3_native_128k_targetonly,time_sec,3,232.13343333333333,230.1061,233.5701,1.7319999999999993,3
ARM2_TARGET_ONLY,ARM2_llama3_native_128k_targetonly,throughput_tps,3,0.27666666666666667,0.27,0.28,0.0050000000000000044,3
ARM2_TARGET_ONLY,ARM2_llama3_native_128k_targetonly,acceptance_rate,3,0.0,0.0,0.0,0.0,3
ARM2_TARGET_ONLY,ARM2_llama3_native_128k_targetonly,mean_latency_ms,3,3627.0849999999996,3595.408,3649.5320000000006,27.062000000000353,3
ARM2_TARGET_ONLY,ARM2_llama3_native_128k_targetonly,ttft_ms,3,9710.687666666667,9132.751,10657.066,762.1575000000003,3
ARM2_TARGET_ONLY,ARM2_llama3_native_128k_targetonly,gpu_peak_mem_mb,3,8157.899999999999,8157.899999999999,8157.899999999999,0.0,3
ARM2_TARGET_ONLY,ARM2_llama3_native_128k_targetonly,n_rounds,3,63.0,63.0,63.0,0.0,3
ARM3_SPEC,ARM3_llama3_native_128k_nativedraft,tokens_generated,3,67.0,66.0,68.0,1.0,3
ARM3_SPEC,ARM3_llama3_native_128k_nativedraft,time_sec,3,95.14116666666666,93.7828,97.2589,1.7380500000000012,3
ARM3_SPEC,ARM3_llama3_native_128k_nativedraft,throughput_tps,3,0.7033333333333333,0.68,0.7200000000000001,0.020000000000000018,3
ARM3_SPEC,ARM3_llama3_native_128k_nativedraft,acceptance_rate,3,0.902,0.8667000000000001,0.9286,0.030949999999999922,3
ARM3_SPEC,ARM3_llama3_native_128k_nativedraft,mean_latency_ms,3,1420.443,1387.9669999999999,1473.619,42.82600000000002,3
ARM3_SPEC,ARM3_llama3_native_128k_nativedraft,ttft_ms,3,17654.817,16483.457,19738.174,1627.3585000000003,3
ARM3_SPEC,ARM3_llama3_native_128k_nativedraft,gpu_peak_mem_mb,3,55831.899999999994,54531.9,58431.69999999999,1949.8999999999942,3
ARM3_SPEC,ARM3_llama3_native_128k_nativedraft,n_rounds,3,14.333333333333334,14.0,15.0,0.5,3
ARM3_TARGET_ONLY,ARM3_llama3_native_128k_targetonly,tokens_generated,3,64.0,64.0,64.0,0.0,3
ARM3_TARGET_ONLY,ARM3_llama3_native_128k_targetonly,time_sec,3,231.96389999999997,229.7676,233.06589999999997,1.6491499999999917,3
ARM3_TARGET_ONLY,ARM3_llama3_native_128k_targetonly,throughput_tps,3,0.2733333333333334,0.27,0.28,0.0050000000000000044,3
ARM3_TARGET_ONLY,ARM3_llama3_native_128k_targetonly,acceptance_rate,3,0.0,0.0,0.0,0.0,3
ARM3_TARGET_ONLY,ARM3_llama3_native_128k_targetonly,mean_latency_ms,3,3624.436,3590.118,3641.655,25.76850000000013,3
ARM3_TARGET_ONLY,ARM3_llama3_native_128k_targetonly,ttft_ms,3,9271.559666666666,9055.071,9490.842,217.88550000000032,3
ARM3_TARGET_ONLY,ARM3_llama3_native_128k_targetonly,gpu_peak_mem_mb,3,8157.899999999999,8157.899999999999,8157.899999999999,0.0,3
ARM3_TARGET_ONLY,ARM3_llama3_native_128k_targetonly,n_rounds,3,63.0,63.0,63.0,0.0,3
M4_MULTISEED,M4_ctx128k,tokens_generated,2,22.5,16.0,29.0,6.5,2
M4_MULTISEED,M4_ctx128k,time_sec,2,54.2325,43.461,65.004,10.771500000000003,2
M4_MULTISEED,M4_ctx128k,throughput_tps,2,0.41000000000000003,0.37,0.45,0.04000000000000001,2
M4_MULTISEED,M4_ctx128k,acceptance_rate,2,0.09045,0.0625,0.1184,0.027950000000000003,2
M4_MULTISEED,M4_ctx128k,mean_latency_ms,2,2478.9155,2241.518,2716.313,237.39750000000004,2
M4_MULTISEED,M4_ctx128k,ttft_ms,2,10827.651,10440.577,11214.725,387.0740000000005,2
M4_MULTISEED,M4_ctx128k,gpu_peak_mem_mb,2,10725.45,10720.7,10730.2,4.75,2
M4_MULTISEED,M4_ctx128k,n_rounds,2,15.5,12.0,19.0,3.5,2
M4_MULTISEED,M4_ctx1M,tokens_generated,2,64.0,64.0,64.0,0.0,2
M4_MULTISEED,M4_ctx1M,time_sec,2,1365.60215,1365.5309,1365.6734,0.07124999999996362,2
M4_MULTISEED,M4_ctx1M,throughput_tps,2,0.05,0.05,0.05,0.0,2
M4_MULTISEED,M4_ctx1M,acceptance_rate,2,0.2066,0.2,0.2132,0.006599999999999995,2
M4_MULTISEED,M4_ctx1M,mean_latency_ms,2,21337.533499999998,21336.421,21338.646,1.1125000000010914,2
M4_MULTISEED,M4_ctx1M,ttft_ms,2,341811.772,335925.262,347698.282,5886.510000000009,2
M4_MULTISEED,M4_ctx1M,gpu_peak_mem_mb,2,40283.4,40283.4,40283.4,0.0,2
M4_MULTISEED,M4_ctx1M,n_rounds,2,34.5,34.0,35.0,0.5,2
M4_MULTISEED,M4_ctx256k,tokens_generated,2,65.0,64.0,66.0,1.0,2
M4_MULTISEED,M4_ctx256k,time_sec,2,233.1596,214.6379,251.6813,18.521699999999996,2
M4_MULTISEED,M4_ctx256k,throughput_tps,2,0.28,0.25,0.31,0.03,2
M4_MULTISEED,M4_ctx256k,acceptance_rate,2,0.16965,0.125,0.2143,0.044649999999999995,2
M4_MULTISEED,M4_ctx256k,mean_latency_ms,2,3592.3045,3252.089,3932.52,340.2155,2
M4_MULTISEED,M4_ctx256k,ttft_ms,2,35553.4775,35461.466,35645.489,92.01150000000052,2
M4_MULTISEED,M4_ctx256k,gpu_peak_mem_mb,2,14485.1,14097.1,14873.1,388.0,2
M4_MULTISEED,M4_ctx256k,n_rounds,2,38.5,35.0,42.0,3.5,2
M4_MULTISEED,M4_ctx512k,tokens_generated,2,64.5,64.0,65.0,0.5,2
M4_MULTISEED,M4_ctx512k,time_sec,2,716.60415,672.2648,760.9435,44.33934999999997,2
M4_MULTISEED,M4_ctx512k,throughput_tps,2,0.09,0.08,0.1,0.010000000000000002,2
M4_MULTISEED,M4_ctx512k,acceptance_rate,2,0.16904999999999998,0.1437,0.1944,0.025349999999999998,2
M4_MULTISEED,M4_ctx512k,mean_latency_ms,2,11116.139,10342.536,11889.742,773.6030000000001,2
M4_MULTISEED,M4_ctx512k,ttft_ms,2,96081.7685,95310.34,96853.197,771.4285000000018,2
M4_MULTISEED,M4_ctx512k,gpu_peak_mem_mb,2,22605.2,22605.2,22605.2,0.0,2
M4_MULTISEED,M4_ctx512k,n_rounds,2,38.0,36.0,40.0,2.0,2
SHAKEDOWN,SHAKEDOWN_ctx4k,tokens_generated,1,66.0,66.0,66.0,0.0,1
SHAKEDOWN,SHAKEDOWN_ctx4k,time_sec,1,5.8878,5.8878,5.8878,0.0,1
SHAKEDOWN,SHAKEDOWN_ctx4k,throughput_tps,1,11.21,11.21,11.21,0.0,1
SHAKEDOWN,SHAKEDOWN_ctx4k,acceptance_rate,1,1.0,1.0,1.0,0.0,1
SHAKEDOWN,SHAKEDOWN_ctx4k,mean_latency_ms,1,89.209,89.209,89.209,0.0,1
SHAKEDOWN,SHAKEDOWN_ctx4k,ttft_ms,1,1181.648,1181.648,1181.648,0.0,1
SHAKEDOWN,SHAKEDOWN_ctx4k,gpu_peak_mem_mb,1,8775.1,8775.1,8775.1,0.0,1
SHAKEDOWN,SHAKEDOWN_ctx4k,n_rounds,1,13.0,13.0,13.0,0.0,1
canary,mlsys_arm1_canary_s42,tokens_generated,1,17.0,17.0,17.0,0.0,1
canary,mlsys_arm1_canary_s42,time_sec,1,28.475,28.475,28.475,0.0,1
canary,mlsys_arm1_canary_s42,throughput_tps,1,0.6,0.6,0.6,0.0,1
canary,mlsys_arm1_canary_s42,acceptance_rate,1,0.0833,0.0833,0.0833,0.0,1
canary,mlsys_arm1_canary_s42,mean_latency_ms,1,1674.998,1674.998,1674.998,0.0,1
canary,mlsys_arm1_canary_s42,ttft_ms,1,6465.682,6465.682,6465.682,0.0,1
canary,mlsys_arm1_canary_s42,gpu_peak_mem_mb,1,9495.2,9495.2,9495.2,0.0,1
canary,mlsys_arm1_canary_s42,n_rounds,1,12.0,12.0,12.0,0.0,1
canary,mlsys_arm2_canary_s42,tokens_generated,1,17.0,17.0,17.0,0.0,1
canary,mlsys_arm2_canary_s42,time_sec,1,10.7089,10.7089,10.7089,0.0,1
canary,mlsys_arm2_canary_s42,throughput_tps,1,1.59,1.59,1.59,0.0,1
canary,mlsys_arm2_canary_s42,acceptance_rate,1,0.75,0.75,0.75,0.0,1
canary,mlsys_arm2_canary_s42,mean_latency_ms,1,629.938,629.938,629.938,0.0,1
canary,mlsys_arm2_canary_s42,ttft_ms,1,4915.536,4915.536,4915.536,0.0,1
canary,mlsys_arm2_canary_s42,gpu_peak_mem_mb,1,9107.3,9107.3,9107.3,0.0,1
canary,mlsys_arm2_canary_s42,n_rounds,1,4.0,4.0,4.0,0.0,1
canary,mlsys_arm3_canary_s42,tokens_generated,1,17.0,17.0,17.0,0.0,1
canary,mlsys_arm3_canary_s42,time_sec,1,13.8705,13.8705,13.8705,0.0,1
canary,mlsys_arm3_canary_s42,throughput_tps,1,1.23,1.23,1.23,0.0,1
canary,mlsys_arm3_canary_s42,acceptance_rate,1,0.75,0.75,0.75,0.0,1
canary,mlsys_arm3_canary_s42,mean_latency_ms,1,815.911,815.911,815.911,0.0,1
canary,mlsys_arm3_canary_s42,ttft_ms,1,7239.078,7239.078,7239.078,0.0,1
canary,mlsys_arm3_canary_s42,gpu_peak_mem_mb,1,30665.8,30665.8,30665.8,0.0,1
canary,mlsys_arm3_canary_s42,n_rounds,1,4.0,4.0,4.0,0.0,1
canary,mlsys_matrix_multiseed_canary_s123,tokens_generated,1,17.0,17.0,17.0,0.0,1
canary,mlsys_matrix_multiseed_canary_s123,time_sec,1,36.6286,36.6286,36.6286,0.0,1
canary,mlsys_matrix_multiseed_canary_s123,throughput_tps,1,0.46,0.46,0.46,0.0,1
canary,mlsys_matrix_multiseed_canary_s123,acceptance_rate,1,0.0577,0.0577,0.0577,0.0,1
canary,mlsys_matrix_multiseed_canary_s123,mean_latency_ms,1,2154.625,2154.625,2154.625,0.0,1
canary,mlsys_matrix_multiseed_canary_s123,ttft_ms,1,12038.796,12038.796,12038.796,0.0,1
canary,mlsys_matrix_multiseed_canary_s123,gpu_peak_mem_mb,1,9495.2,9495.2,9495.2,0.0,1
canary,mlsys_matrix_multiseed_canary_s123,n_rounds,1,13.0,13.0,13.0,0.0,1
canary,shakedown_canary_s42,tokens_generated,1,16.0,16.0,16.0,0.0,1
canary,shakedown_canary_s42,time_sec,1,36.9432,36.9432,36.9432,0.0,1
canary,shakedown_canary_s42,throughput_tps,1,0.43,0.43,0.43,0.0,1
canary,shakedown_canary_s42,acceptance_rate,1,0.0385,0.0385,0.0385,0.0,1
canary,shakedown_canary_s42,mean_latency_ms,1,2308.95,2308.95,2308.95,0.0,1
canary,shakedown_canary_s42,ttft_ms,1,18376.562,18376.562,18376.562,0.0,1
canary,shakedown_canary_s42,gpu_peak_mem_mb,1,20656.1,20656.1,20656.1,0.0,1
canary,shakedown_canary_s42,n_rounds,1,13.0,13.0,13.0,0.0,1
