n_rounds,gamma,alpha_round,alpha_round_sem,alpha_iid,iid_ks,mean_n_acc,p_zero,frac_full_accept,total_accepted,total_proposed,run_id,context_length,seed
17,4,0.7058823529411765,0.10108622856520236,0.8654293820188321,0.10190919173208596,2.823529411764706,0.11764705882352941,0.6470588235294118,48,68,RASD_ctx4k_pg19_phaseD_s42,4096.0,42
13,4,1.0,0.0,1.0,0.0,4.0,0.0,1.0,52,52,SHAKEDOWN_ctx4k_s42,4096.0,42
17,4,0.7205882352941176,0.09558823529411765,0.8731357675626334,0.056483715656012595,2.8823529411764706,0.11764705882352941,0.5882352941176471,49,68,PG19_ctx4k_s123,4096.0,123
17,4,0.6911764705882353,0.08975408540980663,0.8575939365079224,0.07032400223586827,2.764705882352941,0.11764705882352941,0.47058823529411764,47,68,PG19_ctx4k_s456,4096.0,456
31,4,0.25806451612903225,0.05736586852831852,0.5281595698114443,0.050557255319256145,1.032258064516129,0.4838709677419355,0.0967741935483871,32,124,RASD_ctx8k_pg19_phaseD_s42,8192.0,42
31,4,0.27419354838709675,0.061734384545176255,0.54627859326981,0.03997758173814858,1.096774193548387,0.4838709677419355,0.12903225806451613,34,124,PG19_ctx8k_s123,8192.0,123
33,4,0.25,0.05103103630798288,0.5187900636758842,0.04871969072912208,1.0,0.45454545454545453,0.06060606060606061,33,132,PG19_ctx8k_s456,8192.0,456
46,4,0.09239130434782608,0.02107998290983892,0.27090667754414477,0.055180278977594366,0.3695652173913043,0.6739130434782609,0.0,17,184,BFTD_ctx64k_draftbf16_s42,65536.0,42
47,4,0.0851063829787234,0.02437540263274383,0.2547689914309619,0.004740243929420074,0.3404255319148936,0.7446808510638298,0.0,16,188,BFTD_ctx64k_draftnf4_s42,65536.0,42
46,4,0.09239130434782608,0.02501049979046712,0.27090667754414477,0.011702018108029177,0.3695652173913043,0.717391304347826,0.0,17,184,BFTD_ctx64k_draftbf16_s123,65536.0,123
45,4,0.1,0.026827168499432993,0.2871077523039074,0.0067948469165867165,0.4,0.7111111111111111,0.0,18,180,BFTD_ctx64k_draftnf4_s123,65536.0,123
45,4,0.10555555555555556,0.03024405034662599,0.2985424902187128,0.0318758235520461,0.4222222222222222,0.7333333333333333,0.0,19,180,BFTD_ctx64k_draftbf16_s456,65536.0,456
45,4,0.1,0.030151134457776365,0.2871077523039074,0.04266330785946293,0.4,0.7555555555555555,0.0,18,180,BFTD_ctx64k_draftnf4_s456,65536.0,456
13,4,0.11538461538461539,0.03597747487282636,0.31801497367622455,0.143523487862237,0.46153846153846156,0.5384615384615384,0.0,6,52,RASD_ctx128k_phaseD_s42,131072.0,42
19,4,0.11842105263157894,0.04429607429106174,0.32384562190711264,0.052244407881036126,0.47368421052631576,0.631578947368421,0.0,9,76,M4_ctx128k_s123,131072.0,123
12,4,0.0625,0.03263956049169335,0.20025765323483197,0.04974234676516809,0.25,0.75,0.0,3,48,M4_ctx128k_s456,131072.0,456
34,4,0.21323529411764705,0.04965607309333727,0.4731097354637761,0.07677399826119247,0.8529411764705882,0.47058823529411764,0.08823529411764706,29,136,RASD_ctx256k_phaseD_s42,262144.0,42
35,4,0.21428571428571427,0.042434894699000324,0.47448891730231624,0.07825487941195053,0.8571428571428571,0.4857142857142857,0.02857142857142857,30,140,M4_ctx256k_s123,262144.0,123
42,4,0.125,0.032162208654027885,0.33619669316309375,0.020946163979763344,0.5,0.6428571428571429,0.023809523809523808,21,168,M4_ctx256k_s456,262144.0,456
36,4,0.19444444444444445,0.03871844735762053,0.447606596258337,0.07742611276380396,0.7777777777777778,0.5277777777777778,0.0,28,144,RASD_ctx512k_phaseD_s42,524288.0,42
36,4,0.19444444444444445,0.04354243404554032,0.447606596258337,0.10520389054158175,0.7777777777777778,0.5833333333333334,0.027777777777777776,28,144,M4_ctx512k_s123,524288.0,123
40,4,0.14375,0.0367853919933248,0.3694495001311192,0.06350706685286611,0.575,0.675,0.0,23,160,M4_ctx512k_s456,524288.0,456
36,4,0.2013888888888889,0.032762136434827484,0.4572205373828584,0.12611279595047492,0.8055555555555556,0.4166666666666667,0.0,29,144,RASD_ctx1M_phaseD_s42,1048576.0,42
34,4,0.21323529411764705,0.04616818164190976,0.4731097354637761,0.026890264536223896,0.8529411764705882,0.5,0.029411764705882353,29,136,M4_ctx1M_s123,1048576.0,123
44,4,0.10795454545454546,0.02744122981208835,0.303382296829361,0.014799521352457212,0.4318181818181818,0.6818181818181818,0.0,19,176,PG19_ctx1M_s123,1048576.0,123
35,4,0.2,0.04893830793144852,0.45531601036803193,0.02674458179660333,0.8,0.5714285714285714,0.05714285714285714,28,140,M4_ctx1M_s456,1048576.0,456
43,4,0.12790697674418605,0.039350426311411155,0.3415357663062313,0.062465998864370764,0.5116279069767442,0.7209302325581395,0.046511627906976744,22,172,PG19_ctx1M_s456,1048576.0,456
13,4,0.11538461538461539,0.03597747487282636,0.31801497367622455,0.143523487862237,0.46153846153846156,0.5384615384615384,0.0,6,52,ARM1_llama2_yarn_128k_s42,,42
15,4,0.8666666666666667,0.09085135251589957,0.943571294004794,0.07690462733812733,3.466666666666667,0.13333333333333333,0.8666666666666667,52,60,ARM2_llama3_native_128k_cap4k_s42,,42
15,4,0.8666666666666667,0.09085135251589957,0.943571294004794,0.07690462733812733,3.466666666666667,0.13333333333333333,0.8666666666666667,52,60,ARM3_llama3_native_128k_nativedraft_s42,,42
12,4,0.08333333333333333,0.035533452725935076,0.25074337612531505,0.08258995720801832,0.3333333333333333,0.6666666666666666,0.0,4,48,mlsys_arm1_canary_s42,,42
4,4,0.75,0.25,0.88817966758531,0.13817966758530997,3.0,0.25,0.75,12,16,mlsys_arm2_canary_s42,,42
4,4,0.75,0.25,0.88817966758531,0.13817966758530997,3.0,0.25,0.75,12,16,mlsys_arm3_canary_s42,,42
12,4,0.08333333333333333,0.035533452725935076,0.25074337612531505,0.08258995720801832,0.3333333333333333,0.6666666666666666,0.0,4,48,mlsys_bf16_draft_canary_s42,,42
13,4,0.038461538461538464,0.02603858463024346,0.1333699047090492,0.020476249137104663,0.15384615384615385,0.8461538461538461,0.0,2,52,shakedown_canary_s42,,42
19,4,0.11842105263157894,0.04429607429106174,0.32384562190711264,0.052244407881036126,0.47368421052631576,0.631578947368421,0.0,9,76,ARM1_llama2_yarn_128k_s123,,123
14,4,0.9285714285714286,0.07142857142857142,0.9705754290679709,0.04200400049654232,3.7142857142857144,0.07142857142857142,0.9285714285714286,52,56,ARM2_llama3_native_128k_cap4k_s123,,123
14,4,0.9285714285714286,0.07142857142857142,0.9705754290679709,0.04200400049654232,3.7142857142857144,0.07142857142857142,0.9285714285714286,52,56,ARM3_llama3_native_128k_nativedraft_s123,,123
13,4,0.057692307692307696,0.04154320960517859,0.18768924320100955,0.041695824909709134,0.23076923076923078,0.8461538461538461,0.0,3,52,mlsys_matrix_multiseed_canary_s123,,123
13,4,0.038461538461538464,0.02603858463024346,0.1333699047090492,0.020476249137104663,0.15384615384615385,0.8461538461538461,0.0,2,52,mlsys_pg19_multiseed_canary_s123,,123
12,4,0.0625,0.03263956049169335,0.20025765323483197,0.04974234676516809,0.25,0.75,0.0,3,48,ARM1_llama2_yarn_128k_s456,,456
14,4,0.875,0.07752170911825529,0.9472945702352835,0.031204425774178077,3.5,0.07142857142857142,0.7857142857142857,49,56,ARM2_llama3_native_128k_cap4k_s456,,456
14,4,0.9107142857142857,0.07228198965342235,0.9629373402380439,0.03568939639110698,3.642857142857143,0.07142857142857142,0.8571428571428571,51,56,ARM3_llama3_native_128k_nativedraft_s456,,456
